{"cameraMode":{"drawMode":0,"name":"Shaded","section":"Shading Mode"},"sceneLighting":true,"audioPlay":false,"sceneViewState":{"m_AlwaysRefresh":false,"showFog":true,"showSkybox":true,"showFlares":true,"showImageEffects":true,"showParticleSystems":true,"showVisualEffectGraphs":true,"m_FxEnabled":true},"in2DMode":false,"pivot":{"x":-2.5637171268463136,"y":0.8264957666397095,"z":1.0035474300384522},"rotation":{"x":-0.15585289895534516,"y":0.4607623517513275,"z":-0.08263611048460007,"w":-0.8700068593025208},"size":3.1998989582061769,"orthographic":true}