{"cameraMode":{"drawMode":0,"name":"Shaded","section":"Shading Mode"},"sceneLighting":true,"audioPlay":false,"sceneViewState":{"m_AlwaysRefresh":false,"showFog":true,"showSkybox":true,"showFlares":true,"showImageEffects":true,"showParticleSystems":true,"showVisualEffectGraphs":true,"m_FxEnabled":true},"in2DMode":false,"pivot":{"x":260.9914245605469,"y":73.05997467041016,"z":635.9148559570313},"rotation":{"x":-0.00261950702406466,"y":0.14421020448207856,"z":0.0006916076526977122,"w":0.9896228313446045},"size":463.6809387207031,"orthographic":false}